{
  "project_info": {
    "project_number": "343649212726",
    "project_id": "login-page-54a8f",
    "storage_bucket": "login-page-54a8f.appspot.com"
  },
  "client": [
    {
      "client_info": {
        "mobilesdk_app_id": "1:343649212726:android:70e54c383fe74481267b97",
        "android_client_info": {
          "package_name": "com.example.loginpage"
        }
      },
      "oauth_client": [
        {
          "client_id": "343649212726-51m9vj0cqgts7itlpm3c0ec077rfopuq.apps.googleusercontent.com",
          "client_type": 3
        }
      ],
      "api_key": [
        {
          "current_key": "AIzaSyBrMrdXd-GEqudqxOJZQdYJIctornAtueo"
        }
      ],
      "services": {
        "appinvite_service": {
          "other_platform_oauth_client": [
            {
              "client_id": "343649212726-51m9vj0cqgts7itlpm3c0ec077rfopuq.apps.googleusercontent.com",
              "client_type": 3
            }
          ]
        }
      }
    }
  ],
  "configuration_version": "1"
}